<PLUGINS>
  <PLUGIN name="Set Element Description" url="SetElementDescription.asp">
    <DESCRIPTIONS>
      <DEU name="Set Element Description"/>
      <ENG name="Set Element Description"/>
    </DESCRIPTIONS>
      <TARGETS>
        <!--database content elements-->
	<TARGET target="ioTreeProject4146"/>
        <!--background elements-->
	<TARGET target="ioTreeProject4143"/>
        <!--project content elements-->
	<TARGET target="ioTreeProject4162"/>
        <!--transfer contraint elements-->
	<TARGET target="ioTreeProject4160"/>
	<!--reddot liveserver constraint elements-->
	<TARGET target="ioTreeProjectTE24"/>
	<!--xcms project content elements-->
	<TARGET target="ioTreeProject4169"/>
	<!--area elements-->
	<TARGET target="ioTreeProject4142"/>
	<!--container elements-->
	<TARGET target="ioTreeProject4145"/>
	<!--frame elements-->
	<TARGET target="ioTreeProject4147"/>
	<!--hit list elements-->
	<TARGET target="ioTreeProject4158"/>
	<!--list elements-->
	<TARGET target="ioTreeProject4151"/>
	<!--site map elements-->
	<TARGET target="ioTreeProject4168"/>
	<!--attribute elements-->
	<TARGET target="ioTreeProject4165"/>
	<!--info elements-->
	<TARGET target="ioTreeProject4149"/>	
      </TARGETS>
    <ICON source="../ActionMenuIcons/EditViaFormular.gif"/>
      <OPENWINDOWPARAMETER features="toolbar=0,location=0,directories=0,status=0,menubar=0,scrollbars=0,resizable=0,width=700,height=200,screenX=200,screenY=200,left=200,top=200"/>
  </PLUGIN>
</PLUGINS>