<PLUGINS>
 <PLUGIN name="Rename Headlines" url="rename_headlines_in_tree.htm" compatibility="6.0" company="RedDot Solutions" website="http://www.reddotcommunity.com">
    <DESCRIPTIONS>
      <ENG name="Rename Headlines"/>
      <DEU name="Seitentitel umbenennen"/>
    </DESCRIPTIONS>
  <TARGETS>
 	  <TARGET target="ioTreeProjectLink"/>
  </TARGETS>
  <ICON source="../icons/edit.gif" alt=""/>
  <OPENWINDOWPARAMETER features="toolbar=0,location=0,directories=0,status=0,menubar=0,scrollbars=1,resizable=1,width=600,height=480,screenX=200,screenY=200,left=200,top=200"/>
 </PLUGIN> 
</PLUGINS>