<PLUGINS>
  <PLUGIN name="Assign Detailed Authorization to all Element instances" url="assignDetailedAuth_allpages_v1.0_1.asp" compatibility="6.5" company="RedDot Solutions" contact="Michael Madden" email="michael.madden@reddot.com" website="http://www.reddotcommunity.com">
    <DESCRIPTIONS>
      <ENG name="PLUGIN: Assign Detailed Authorization in Clipboard to all Element Instances"/>
      <DEU name="PLUGIN: Assign Detailed Authorization in Clipboard to all Element Instances"/>
    </DESCRIPTIONS>
      <TARGETS>
	<TARGET target="ioTreeProjectLink"/>
	<TARGET target="ioTreeProjectElement"/>
      </TARGETS>
    <ICON source="../ActionMenuIcons/DetailRestrictions.gif" />
    <OPENWINDOWPARAMETER features="toolbar=0,location=0,directories=0,status=0,menubar=0,scrollbars=1,resizable=1"/>
  </PLUGIN>
</PLUGINS>
