<PLUGINS>
  <PLUGIN name="Set All Content Class Instances as Site Map Pages" url="SetAllPages4Sitemap.asp">
    <DESCRIPTIONS>
      <ENG name="Set All Instances as Site Map Pages"/>
      <DEU name="Set All Instances as Site Map Pages"/>
    </DESCRIPTIONS>
    <TARGETS>
	   <TARGET target="ioTreeApp4015"/>
    </TARGETS>
    <ICON source="../TreeIcons/TreeType4168.gif"/>
    <OPENWINDOWPARAMETER features="toolbar=0,location=0,directories=0,status=0,menubar=0,scrollbars=1,resizable=1,width=500,height=480,screenX=200,screenY=200,left=200,top=200"/>
  </PLUGIN>
</PLUGINS>