<PLUGINS>
	<PLUGIN name="Copy user assignments to another project" url="copyusers.asp" compatibility="6.0" company="RedDot Solutions" contact="Michael Madden" email="michael.madden@reddot.com" website="http://www.reddotcommunity.com">
		<DESCRIPTIONS>
			<ENG name="Copy user assignments to another project"/>
			<DEU name="Kopiere Benutzer Zuweisungen zu einem anderen Projekt"/>
		</DESCRIPTIONS>
		<TARGETS>
			<TARGET target="ioTreeProjectStart"/>
		</TARGETS>
		<ICON source="../ActionMenuIcons/reference.gif"/>
		<OPENWINDOWPARAMETER features="toolbar=0,location=0,directories=0,status=0,menubar=0,scrollbars=1,resizable=1,width=500,height=480,screenX=200,screenY=200,left=200,top=200,dependent=yes"/>
	</PLUGIN>
</PLUGINS>