<PLUGINS>
	<PLUGIN name="Change Creation Date of Page v.6" url="change_creation_date_v6.asp" compatibility="6.0.0.27" company="RedDot Solutions" contact="Michael Madden" email="michael.madden@reddot.com" website="http://www.reddot.com">
		<DESCRIPTIONS>
			<DEU name="PLUGIN: Erstelldatum der Seite aendern"/>
			<ENG name="PLUGIN: Change Creation Date of Page"/>
		</DESCRIPTIONS>
		<TARGETS>
			<TARGET target="ioDevDialogPageActions"/>
			<TARGET target="ioTreeProjectPage"/>
		</TARGETS>
		<ICON source="../Icons/editlinkschedule.gif" alt=""/>
		<OPENWINDOWPARAMETER features="toolbar=0,location=0,directories=0,status=0,menubar=0,scrollbars=1,resizable=1,width=400,height=425,screenX=200,screenY=200,left=200,top=200"/>
	</PLUGIN>
</PLUGINS>